<?xml version="1.0" encoding="UTF-8"?>
<project-private xmlns="http://www.netbeans.org/ns/project-private/1">
    <editor-bookmarks xmlns="http://www.netbeans.org/ns/editor-bookmarks/2" lastBookmarkId="0"/>
    <open-files xmlns="http://www.netbeans.org/ns/projectui-open-files/2">
        <group>
            <file>file:/home/karol/Documents/INSPT_2023/(60)%20Informática/2do%20año%20(60)/Programación%20II%20(2023%20TT)/Parciales/1ero_2023/Parcial1_2023_Remake/src/parcial1_2023_remake/Nave.java</file>
            <file>file:/home/karol/Documents/INSPT_2023/(60)%20Informática/2do%20año%20(60)/Programación%20II%20(2023%20TT)/Parciales/1ero_2023/Parcial1_2023_Remake/src/parcial1_2023_remake/Manifestable.java</file>
            <file>file:/home/karol/Documents/INSPT_2023/(60)%20Informática/2do%20año%20(60)/Programación%20II%20(2023%20TT)/Parciales/1ero_2023/Parcial1_2023_Remake/src/parcial1_2023_remake/Principal.java</file>
            <file>file:/home/karol/Documents/INSPT_2023/(60)%20Informática/2do%20año%20(60)/Programación%20II%20(2023%20TT)/Parciales/1ero_2023/Parcial1_2023_Remake/src/parcial1_2023_remake/AtlantisISS.java</file>
            <file>file:/home/karol/Documents/INSPT_2023/(60)%20Informática/2do%20año%20(60)/Programación%20II%20(2023%20TT)/Parciales/1ero_2023/Parcial1_2023_Remake/src/parcial1_2023_remake/NaveCargo.java</file>
            <file>file:/home/karol/Documents/INSPT_2023/(60)%20Informática/2do%20año%20(60)/Programación%20II%20(2023%20TT)/Parciales/1ero_2023/Parcial1_2023_Remake/src/parcial1_2023_remake/NaveCruiser.java</file>
            <file>file:/home/karol/Documents/INSPT_2023/(60)%20Informática/2do%20año%20(60)/Programación%20II%20(2023%20TT)/Parciales/1ero_2023/Parcial1_2023_Remake/src/parcial1_2023_remake/PuntoAtraque.java</file>
        </group>
    </open-files>
</project-private>
